"","Order","Extrapolate","Error"
"a1",1,-6.42972276771904,3.7754219137506e-06
"a2.a1",2,-6.42973412144861,6.97622321010274e-06
