"","Order....orders","Extrapolate....extrapolates","Error....errors"
"a1",1,5.84997322078054,0.0017854969515498
"a2.a1",2,5.85346617948322,0.00266104360461095
