"","Order....orders","Extrapolate....extrapolates","Error....errors"
"a1",1,5.95776872632896,0.002712665905392
"a2.a1",2,5.95766635253539,0.00574267709481469
